{"initial_reset_timestamp": 108.110711083, "timestamps": [113.221251333, 113.500713666, 113.531322875, 113.543853083, 113.558699125, 113.571927625, 113.583889541, 113.597679416, 113.859589833, 113.890261666, 113.903742458, 113.91827225, 113.93112625, 113.945396541, 113.959480083, 113.970987833, 113.984053791, 113.997504708, 114.011718166, 114.023506416, 114.035879166, 114.048078958, 114.062682166, 114.075140916, 114.087150166, 114.099550666, 114.113737958, 114.389478583, 114.420213541, 114.433212166, 114.445919625, 114.458648875, 114.472428375, 114.485814125, 114.498749083, 114.512624291, 114.525382041, 114.538155416, 114.550844291, 114.563990666, 114.578460416, 114.591735583, 114.604036625, 114.616375916, 114.630767958, 114.643357791, 114.656262, 114.670472333, 114.683468083, 114.696833833, 114.709099958, 114.721893416, 114.735424375, 114.749728833, 114.763633083, 114.775803, 114.787447916, 114.799656083, 114.811914291, 114.824597125, 114.836006583, 114.847859375, 114.860678083, 114.874039291, 115.142699333, 115.171741375, 115.183950625, 115.197085416, 115.209721333, 115.2230905, 115.234824916, 115.24813825, 115.26122825, 115.274275083, 115.286458416, 115.29925725, 115.311247083, 115.324417708, 115.33644875, 115.348960375, 115.36217825, 115.375963208, 115.388829791, 115.402145458, 115.414333208, 115.427593208, 115.440164625, 115.451189458, 115.4641215, 115.476799083, 115.490434083, 115.503019666, 115.514049791, 115.525304916, 115.538504208, 115.551725833, 115.56351525, 115.576190625, 115.588475541, 115.60127], "episode_lengths": [169, 172, 170, 166, 200, 179, 162, 187, 167, 187, 185, 200, 177, 195, 192, 158, 179, 186, 196, 164, 170, 166, 200, 170, 165, 172, 193, 180, 192, 178, 174, 174, 188, 183, 176, 188, 176, 177, 174, 178, 196, 181, 168, 169, 200, 175, 179, 198, 181, 178, 169, 178, 188, 199, 194, 170, 162, 170, 171, 177, 159, 166, 179, 187, 179, 172, 169, 183, 176, 186, 164, 186, 183, 182, 170, 178, 167, 183, 168, 175, 185, 192, 180, 186, 170, 185, 176, 153, 181, 177, 191, 176, 155, 157, 183, 185, 166, 178, 170, 178], "episode_rewards": [169.0, 172.0, 170.0, 166.0, 200.0, 179.0, 162.0, 187.0, 167.0, 187.0, 185.0, 200.0, 177.0, 195.0, 192.0, 158.0, 179.0, 186.0, 196.0, 164.0, 170.0, 166.0, 200.0, 170.0, 165.0, 172.0, 193.0, 180.0, 192.0, 178.0, 174.0, 174.0, 188.0, 183.0, 176.0, 188.0, 176.0, 177.0, 174.0, 178.0, 196.0, 181.0, 168.0, 169.0, 200.0, 175.0, 179.0, 198.0, 181.0, 178.0, 169.0, 178.0, 188.0, 199.0, 194.0, 170.0, 162.0, 170.0, 171.0, 177.0, 159.0, 166.0, 179.0, 187.0, 179.0, 172.0, 169.0, 183.0, 176.0, 186.0, 164.0, 186.0, 183.0, 182.0, 170.0, 178.0, 167.0, 183.0, 168.0, 175.0, 185.0, 192.0, 180.0, 186.0, 170.0, 185.0, 176.0, 153.0, 181.0, 177.0, 191.0, 176.0, 155.0, 157.0, 183.0, 185.0, 166.0, 178.0, 170.0, 178.0], "episode_types": ["t", "t", "t", "t", "t", "t", "t", "t", "t", "t", "t", "t", "t", "t", "t", "t", "t", "t", "t", "t", "t", "t", "t", "t", "t", "t", "t", "t", "t", "t", "t", "t", "t", "t", "t", "t", "t", "t", "t", "t", "t", "t", "t", "t", "t", "t", "t", "t", "t", "t", "t", "t", "t", "t", "t", "t", "t", "t", "t", "t", "t", "t", "t", "t", "t", "t", "t", "t", "t", "t", "t", "t", "t", "t", "t", "t", "t", "t", "t", "t", "t", "t", "t", "t", "t", "t", "t", "t", "t", "t", "t", "t", "t", "t", "t", "t", "t", "t", "t", "t"]}